job_role,required_skills,education,experience,job_description
Data Scientist,"python,machine learning,pandas,numpy,sql,statistics,data visualization",B.Tech,2,"Design and build machine learning models, analyze large datasets, deploy predictive models"
Data Analyst,"sql,excel,tableau,python,statistics,data analysis,data visualization",B.Sc,1,"Analyze business data, create dashboards and reports, identify trends"
Web Developer,"html,css,javascript,react,nodejs,git,rest api",B.Sc,1,"Build responsive web applications, develop REST APIs, work with frontend and backend"
ML Engineer,"python,tensorflow,pytorch,docker,aws,machine learning,deep learning",B.Tech,2,"Build and deploy machine learning pipelines at scale, optimize model performance"
NLP Engineer,"python,nlp,spacy,transformers,deep learning,machine learning",M.Tech,2,"Build NLP models for text classification, named entity recognition, sentiment analysis"
DevOps Engineer,"docker,kubernetes,aws,jenkins,terraform,linux,ci/cd,git",B.Tech,3,"Automate deployment pipelines, manage cloud infrastructure, ensure system reliability"
Full Stack Developer,"react,nodejs,mongodb,express,javascript,html,css,rest api",B.Tech,2,"Develop end-to-end web applications, design databases, build APIs"
Data Engineer,"python,sql,spark,hadoop,aws,etl,data pipeline,airflow",B.Tech,2,"Build data pipelines, manage data warehouses, ensure data quality"
Business Analyst,"excel,sql,communication,data analysis,tableau,problem solving",BBA,1,"Gather business requirements, analyze processes, create reports"
Cloud Architect,"aws,azure,gcp,kubernetes,terraform,docker,linux,networking",B.Tech,5,"Design cloud infrastructure, ensure scalability and security"
Frontend Developer,"html,css,javascript,react,vue,typescript,tailwind",B.Sc,1,"Build user interfaces, ensure responsive design, optimize web performance"
Backend Developer,"python,java,nodejs,sql,mongodb,rest api,microservices,docker",B.Tech,2,"Build server-side logic, design APIs, manage databases"
Data Visualization Specialist,"tableau,power bi,python,matplotlib,seaborn,plotly,data visualization",B.Sc,1,"Create interactive dashboards, visualize complex data"
AI Research Scientist,"python,deep learning,machine learning,pytorch,tensorflow,nlp,computer vision",PhD,3,"Conduct cutting-edge AI research, publish papers, develop novel algorithms"
Cybersecurity Analyst,"networking,linux,security,python,penetration testing,firewalls",B.Tech,2,"Monitor security threats, conduct vulnerability assessments"
Mobile App Developer,"swift,kotlin,react native,flutter,java,ios,android",B.Tech,2,"Build native and cross-platform mobile apps, optimize performance"
Database Administrator,"sql,mysql,postgresql,oracle,backup,performance tuning",B.Tech,3,"Manage databases, ensure data integrity, optimize queries"
QA Engineer,"selenium,python,javascript,testing,automation,api testing",B.Sc,1,"Write test cases, automate testing, identify bugs, ensure software quality"
Product Manager,"communication,leadership,data analysis,agile,scrum,jira",BBA,3,"Define product vision, prioritize features, work with cross-functional teams"
Technical Writer,"communication,technical writing,documentation,markdown,git",B.Sc,1,"Create technical documentation, write user guides, maintain API docs"